"","ensembl.id","Symbol","moduleColor","GS.fgf21.serum","MM.maroon","MM.paleturquoise"
"1","ENSMUSG00000071178","Serpina1b","maroon",0.701995059377273,0.869540798375421,0.641572473106474
"2","ENSMUSG00000030815","Phkg2","maroon",0.674086944118264,0.80205028193,0.716388872980562
"3","ENSMUSG00000066366","Serpina1a","maroon",0.658552516109793,0.915953449916333,0.666491783893497
"4","ENSMUSG00000079015","Serpina1c","maroon",0.636360620053602,0.925530944247258,0.623873695574914
"5","ENSMUSG00000035757","Selenoo","maroon",0.635793527493303,0.757123248415331,0.356191559966376
"6","ENSMUSG00000029154","Cwh43","maroon",0.620890845079909,0.812819103650145,0.55553614246799
"7","ENSMUSG00000033860","Fgg","maroon",0.616172206808359,0.834775833512313,0.443519966179944
"8","ENSMUSG00000038991","Txndc5","maroon",0.614457694894343,0.711292850146659,0.443190409711494
"9","ENSMUSG00000038567","Cyp24a1","maroon",0.614249903451882,0.726189452038836,0.439406563166004
"10","ENSMUSG00000020838","Slc6a4","maroon",0.608370415770324,0.815898993592084,0.428951126546139
"11","ENSMUSG00000074639","Rdh16f2","maroon",0.608044479311216,0.884440107669365,0.732172129735876
"12","ENSMUSG00000095388","Hsd3b8","maroon",0.607817411785813,0.860828503488285,0.731726786553207
"13","ENSMUSG00000018322","Tomm34","paleturquoise",0.79491139369499,0.777909003636674,0.782999492761358
"14","ENSMUSG00000033294","Noc4l","paleturquoise",0.794029489012801,0.721170810284747,0.636949891866624
"15","ENSMUSG00000036678","Aaas","paleturquoise",0.778198373844095,0.325078720492944,0.60458081096199
"16","ENSMUSG00000022552","Sharpin","paleturquoise",0.772706134799985,0.531399304882827,0.875386740894983
"17","ENSMUSG00000032127","Vps11","paleturquoise",0.772696556760758,0.604379497217476,0.634443592593941
"18","ENSMUSG00000029860","Zyx","paleturquoise",0.768065053023533,0.697899798651413,0.847989713195991
"19","ENSMUSG00000020875","Hoxb9","paleturquoise",0.766301632710217,0.610514938252763,0.642344110545003
"20","ENSMUSG00000040734","Ppp1r13l","paleturquoise",0.76513539021742,0.345546729197961,0.401785816702024
"21","ENSMUSG00000030189","Ybx3","paleturquoise",0.758020358713576,0.202670129975789,0.593623141347851
"22","ENSMUSG00000031862","Atp13a1","paleturquoise",0.754892694707265,0.603575097588119,0.790048669172016
"23","ENSMUSG00000068856","Sf3b4","paleturquoise",0.751377949177609,0.656854276654311,0.583736902297059
"24","ENSMUSG00000024078","Ttc27","paleturquoise",0.750748288732949,0.607885120645236,0.47582059518762
"25","ENSMUSG00000057762","Gm6169","paleturquoise",0.748122734723816,0.75486422151592,0.644472227997515
"26","ENSMUSG00000032123","Dpagt1","paleturquoise",0.741831774762649,0.610654423288908,0.730341204166424
"27","ENSMUSG00000033706","Smyd5","paleturquoise",0.737843089373756,0.650857103062202,0.638994534223103
"28","ENSMUSG00000078317","F8a","paleturquoise",0.736925161973325,0.420653095606226,0.653104007457763
"29","ENSMUSG00000032562","Gnai2","paleturquoise",0.735173005889446,0.526670575588377,0.915621861448696
"30","ENSMUSG00000026355","Mcm6","paleturquoise",0.734531177378688,0.339438748178015,0.577925386129112
"31","ENSMUSG00000024927","Rela","paleturquoise",0.734047121083581,0.56047136020195,0.884288701634284
"32","ENSMUSG00000005566","Trim28","paleturquoise",0.733195591312013,0.644137604956817,0.85736781411671
"33","ENSMUSG00000022010","Tsc22d1","paleturquoise",0.732658335788601,0.541498188864337,0.736341795234121
"34","ENSMUSG00000022721","Trmt2a","paleturquoise",0.725513341226976,0.570590994485268,0.817545108113451
"35","ENSMUSG00000031586","Rbpms","paleturquoise",0.723991326760513,0.87067724764732,0.663332277944254
"36","ENSMUSG00000042303","Sgsm3","paleturquoise",0.72004222534894,0.375088311546088,0.837009396222157
"37","ENSMUSG00000020918","Kat2a","paleturquoise",0.71812202826822,0.219850424578931,0.778413519960334
"38","ENSMUSG00000051439","Cd14","paleturquoise",0.715645412948864,0.572798779514054,0.778692973788904
"39","ENSMUSG00000017264","Exosc10","paleturquoise",0.714151866744195,0.507221044794428,0.715804926410589
"40","ENSMUSG00000020282","Rhbdf1","paleturquoise",0.713657189899994,0.454149795202412,0.895666228984114
"41","ENSMUSG00000001415","Smg5","paleturquoise",0.712691196601421,0.469723336666172,0.810154557980424
"42","ENSMUSG00000022175","Lrp10","paleturquoise",0.712610470814388,0.42686964635759,0.857075543197376
"43","ENSMUSG00000038000","Acd","paleturquoise",0.712348709996035,0.458590130576676,0.909565645176958
"44","ENSMUSG00000028833","Ncdn","paleturquoise",0.71204222089081,0.655496777682473,0.636873563301732
"45","ENSMUSG00000020828","Pld2","paleturquoise",0.711887196420704,0.59378327821629,0.849813432608097
"46","ENSMUSG00000025159","Mms19","paleturquoise",0.711593090020215,0.593460454604283,0.695814671370337
"47","ENSMUSG00000036281","Snapc4","paleturquoise",0.710462563445319,0.418889729635321,0.836234369849841
"48","ENSMUSG00000021810","Ecd","paleturquoise",0.709848937828429,0.729275247294434,0.839032722225042
"49","ENSMUSG00000031785","Adgrg1","paleturquoise",0.709269944225941,0.763705080638131,0.668857166363132
"50","ENSMUSG00000022948","Setd4","paleturquoise",0.706698062113126,0.518194462607675,0.799968417693708
"51","ENSMUSG00000040472","Rabggta","paleturquoise",0.705550145558653,0.363243685791407,0.760347857170058
"52","ENSMUSG00000037251","Pomk","paleturquoise",0.704195069010213,0.418084202887499,0.723935270737738
"53","ENSMUSG00000022559","Fbxl6","paleturquoise",0.70325124384868,0.53749745213574,0.924999271207496
"54","ENSMUSG00000027642","Rpn2","paleturquoise",0.701509110915113,0.409779007384934,0.737138621870336
"55","ENSMUSG00000057672","Pkn1","paleturquoise",0.701466930392001,0.321911953681062,0.702677061971018
"56","ENSMUSG00000074406","Zfp628","paleturquoise",0.70023796336965,0.272733827716264,0.835547637406526
"57","ENSMUSG00000026156","B3gat2","paleturquoise",0.699724640722883,0.583176394600158,0.56631730967832
"58","ENSMUSG00000024926","Kat5","paleturquoise",0.699057158381806,0.806436747992528,0.582440811984423
"59","ENSMUSG00000010517","Faf1","paleturquoise",0.699006121196648,0.676028624129315,0.728921504622553
"60","ENSMUSG00000035765","Dym","paleturquoise",0.698527575298942,0.552600005620939,0.877387960201944
"61","ENSMUSG00000033998","Kcnk1","paleturquoise",0.698221511549301,0.802552603681611,0.679214159176866
"62","ENSMUSG00000006390","Elovl1","paleturquoise",0.697788565742321,0.421359123885508,0.785116305143168
"63","ENSMUSG00000045377","Tmem88","paleturquoise",0.697059528232512,0.199815017905439,0.7375034208998
"64","ENSMUSG00000072941","Sod3","paleturquoise",0.696530824567007,0.671549082025753,0.690144014661597
"65","ENSMUSG00000036270","Edc4","paleturquoise",0.696218094495479,0.629080629565611,0.765866257860529
"66","ENSMUSG00000014601","Strip1","paleturquoise",0.695496703130886,0.578342063753117,0.803415217705215
"67","ENSMUSG00000028641","P3h1","paleturquoise",0.693496851069356,0.398906122207157,0.46972652064288
"68","ENSMUSG00000015176","Nolc1","paleturquoise",0.692966047863084,0.52876465108298,0.719560238559655
"69","ENSMUSG00000054662","Ano9","paleturquoise",0.692672509606781,0.557896013250818,0.39205083627251
"70","ENSMUSG00000025579","Gaa","paleturquoise",0.691519765802454,0.682725576145742,0.758516963639997
"71","ENSMUSG00000022847","Thpo","paleturquoise",0.690784236569079,0.427162231492337,0.629668541275267
"72","ENSMUSG00000020782","Llgl2","paleturquoise",0.690271801415216,0.431640622842895,0.70930846353257
"73","ENSMUSG00000036606","Plxnb2","paleturquoise",0.690150528727305,0.567784820073908,0.652249110620194
"74","ENSMUSG00000020733","Slc9a3r1","paleturquoise",0.689500598208918,0.393652548752024,0.822725967061798
"75","ENSMUSG00000095567","Noc2l","paleturquoise",0.68787661413329,0.557639155512938,0.821537593491583
"76","ENSMUSG00000047264","Zfp358","paleturquoise",0.68685258199854,0.537449655181463,0.861746413780827
"77","ENSMUSG00000003868","Ruvbl2","paleturquoise",0.686846223763044,0.503848237418428,0.861635617275001
"78","ENSMUSG00000025580","Eif4a3","paleturquoise",0.686292283030522,0.526523518858068,0.828876948190449
"79","ENSMUSG00000024170","Telo2","paleturquoise",0.68543073030431,0.572961638652546,0.841587942965421
"80","ENSMUSG00000029119","Man2b2","paleturquoise",0.685331497920591,0.673949309757826,0.734927987624306
"81","ENSMUSG00000002458","Rgs19","paleturquoise",0.684581142880122,0.272439970204853,0.485751789193718
"82","ENSMUSG00000058135","Gstm1","paleturquoise",0.684308437619927,0.596013642556308,0.902882005068703
"83","ENSMUSG00000024735","Prpf19","paleturquoise",0.684174309996564,0.725858702898984,0.687966366408047
"84","ENSMUSG00000009566","Fpgs","paleturquoise",0.683856302978926,0.436194843599311,0.837333916757007
"85","ENSMUSG00000020329","Polrmt","paleturquoise",0.683296939663799,0.41841559707837,0.841334538081641
"86","ENSMUSG00000036180","Gatad2a","paleturquoise",0.682978735491793,0.223154796083499,0.45081227389957
"87","ENSMUSG00000025151","Maged1","paleturquoise",0.681977149435631,0.528813434905248,0.757359668554947
"88","ENSMUSG00000005899","Smpd4","paleturquoise",0.680310969982799,0.472125083135096,0.465277777830635
"89","ENSMUSG00000029777","Gars","paleturquoise",0.679952028312393,0.583712106439739,0.809540742142267
"90","ENSMUSG00000023224","Serping1","paleturquoise",0.679368361966591,0.436177427737577,0.641265066126427
"91","ENSMUSG00000020898","Ctc1","paleturquoise",0.679121008804905,0.22502703771086,0.606819311404365
"92","ENSMUSG00000029480","Dhx37","paleturquoise",0.678797767074756,0.620716190471706,0.834841672865186
"93","ENSMUSG00000030731","Syt3","paleturquoise",0.677696260874721,0.376533272819126,0.878390296336495
"94","ENSMUSG00000005320","Fgfr4","paleturquoise",0.677224468812009,0.470984713888001,0.637956488628126
"95","ENSMUSG00000034022","Cpsf1","paleturquoise",0.676431618204345,0.444629118597413,0.623344741693495
"96","ENSMUSG00000029073","Cptp","paleturquoise",0.676264454357865,0.577268577224162,0.675074234924229
"97","ENSMUSG00000073423","Zfp414","paleturquoise",0.675989036442888,0.469497165659036,0.717765037934535
"98","ENSMUSG00000020935","Dcakd","paleturquoise",0.67538722531953,0.612057893614125,0.76089106471071
"99","ENSMUSG00000030769","Slc5a11","paleturquoise",0.675245226349594,0.547062830719487,0.697490234777351
"100","ENSMUSG00000079562","Maea","paleturquoise",0.675121600538482,0.497109477392491,0.844788209864542
"101","ENSMUSG00000020780","Srp68","paleturquoise",0.67428316109861,0.626074858518307,0.801278369986605
"102","ENSMUSG00000100397","Gm28071","paleturquoise",0.674176262293624,0.585207161549126,0.53156672801416
"103","ENSMUSG00000040471","Ggt6","paleturquoise",0.672709096665462,0.68461638628341,0.891939201712178
"104","ENSMUSG00000075600","Zc3h3","paleturquoise",0.672515154450223,0.344252820061895,0.69514883659536
"105","ENSMUSG00000069520","Tmem19","paleturquoise",0.671700847546519,0.783970617672836,0.645447515013622
"106","ENSMUSG00000055720","Ubl7","paleturquoise",0.671073034813304,0.574188536932549,0.857700675369079
"107","ENSMUSG00000061981","Flot2","paleturquoise",0.670303796795688,0.563819918514219,0.826462863569313
"108","ENSMUSG00000042992","Borcs5","paleturquoise",0.668729401540091,0.441519890713174,0.767228135499696
"109","ENSMUSG00000027315","Spint1","paleturquoise",0.667634861499892,0.375728805350626,0.80689716505808
"110","ENSMUSG00000033365","Ipo13","paleturquoise",0.66704905438273,0.321444017926641,0.771024877658387
"111","ENSMUSG00000041645","Ddx24","paleturquoise",0.666752122667,0.651105312854058,0.843324560698597
"112","ENSMUSG00000038508","Gdf15","paleturquoise",0.666062620837909,0.206901073228428,0.265466220093163
"113","ENSMUSG00000020941","Map3k14","paleturquoise",0.665791675841561,0.396447069161859,0.787714668695619
"114","ENSMUSG00000028948","Nol9","paleturquoise",0.665556133956435,0.472801668198825,0.695563549804188
"115","ENSMUSG00000031340","Gabre","paleturquoise",0.665256711765448,0.438574891773141,0.66681634861227
"116","ENSMUSG00000029472","Anapc5","paleturquoise",0.664754459718736,0.571794318804713,0.926358339767991
"117","ENSMUSG00000033809","Alg3","paleturquoise",0.663977665843875,0.353065767381285,0.710021395031918
"118","ENSMUSG00000004561","Mettl17","paleturquoise",0.663797202163426,0.636399793740906,0.758748632524647
"119","ENSMUSG00000025357","Dgka","paleturquoise",0.663274570811222,0.710261721523472,0.440445864771904
"120","ENSMUSG00000036693","Nop14","paleturquoise",0.663015153459485,0.475636936174785,0.637534300154978
"121","ENSMUSG00000015889","Lta4h","paleturquoise",0.662166797722592,0.546362975379262,0.51503267729452
"122","ENSMUSG00000022037","Clu","paleturquoise",0.662095522134533,0.267523886001051,0.772141949832854
"123","ENSMUSG00000036845","Lin37","paleturquoise",0.661347881171207,0.577948218817081,0.914642044818334
"124","ENSMUSG00000100922","Gm8520","paleturquoise",0.660625752871367,0.531489331288331,0.740952543072892
"125","ENSMUSG00000038828","Tmem214","paleturquoise",0.660494484353846,0.506617305273635,0.922690924542807
"126","ENSMUSG00000030982","Vps35l","paleturquoise",0.660279722161348,0.574522151072677,0.527419727458623
"127","ENSMUSG00000089876","Tmem102","paleturquoise",0.659332166557228,0.381446599832445,0.853401620477437
"128","ENSMUSG00000036940","Kdm1a","paleturquoise",0.65918165454215,0.444400747632863,0.716644135591976
"129","ENSMUSG00000029703","Lrwd1","paleturquoise",0.657636482031809,0.548689044780559,0.922019673754697
"130","ENSMUSG00000080994","Gm13464","paleturquoise",0.65740795845723,0.601757215072524,0.806094473344217
"131","ENSMUSG00000038324","Trpc4ap","paleturquoise",0.657213238290659,0.44720339246299,0.710431573175256
"132","ENSMUSG00000014791","Elmo3","paleturquoise",0.656730618192841,0.480420487580161,0.790019058360565
"133","ENSMUSG00000026694","Eef1aknmt","paleturquoise",0.656477338751919,0.583010421518899,0.751905323426134
"134","ENSMUSG00000022614","Lmf2","paleturquoise",0.655549362702889,0.497297465200023,0.875855399548727
"135","ENSMUSG00000034681","Rnps1","paleturquoise",0.655447159542113,0.572612121490903,0.821223605387452
"136","ENSMUSG00000030822","Prr14","paleturquoise",0.65495172325718,0.520988723310598,0.489632405914851
"137","ENSMUSG00000063796","Slc22a8","paleturquoise",0.654861446070714,0.782844371316183,0.59763901377411
"138","ENSMUSG00000047878","A4galt","paleturquoise",0.653927761691744,0.627956410667233,0.805862108625971
"139","ENSMUSG00000027551","Zfp64","paleturquoise",0.65339995287569,0.316595145804415,0.818948852971306
"140","ENSMUSG00000020549","Elac2","paleturquoise",0.65336966933801,0.342854383197994,0.478519897712375
"141","ENSMUSG00000001518","Itfg2","paleturquoise",0.653242036248462,0.595676718276394,0.808159714819963
"142","ENSMUSG00000002871","Tpra1","paleturquoise",0.65318744289434,0.536438679695049,0.794414141652475
"143","ENSMUSG00000038542","Pcid2","paleturquoise",0.652740705608355,0.418381957020162,0.636928304622223
"144","ENSMUSG00000023110","Prmt5","paleturquoise",0.652308619835499,0.585448336760856,0.830886665350507
"145","ENSMUSG00000041477","Dcp1b","paleturquoise",0.651833798704666,0.532360285063858,0.591249007118879
"146","ENSMUSG00000091639","Gm3756","paleturquoise",0.651225536996844,0.422790772693917,0.570539524705543
"147","ENSMUSG00000029102","Hgfac","paleturquoise",0.650895138850437,0.396248731346884,0.875701878213181
"148","ENSMUSG00000002968","Med25","paleturquoise",0.650021166728543,0.174429694987818,0.846021200402686
"149","ENSMUSG00000073758","Sh3d21","paleturquoise",0.649743774910031,0.448800685252976,0.883223052782355
"150","ENSMUSG00000032387","Rbpms2","paleturquoise",0.649588550438798,0.696529537913238,0.559755972868952
"151","ENSMUSG00000018661","Cog1","paleturquoise",0.649049086553868,0.517756671914786,0.450800094171146
"152","ENSMUSG00000001120","Pcbp3","paleturquoise",0.647827354581566,0.502060856333824,0.633040320394433
"153","ENSMUSG00000029032","Arhgef16","paleturquoise",0.646679734641641,0.136868206507956,0.575614452671985
"154","ENSMUSG00000007029","Vars","paleturquoise",0.645604515870528,0.382491729907728,0.900661030799209
"155","ENSMUSG00000079501","Gm5138","paleturquoise",0.645351810721061,0.627287645014964,0.83969904914033
"156","ENSMUSG00000001552","Jup","paleturquoise",0.644525512300042,0.423506540837866,0.782075103466547
"157","ENSMUSG00000034152","Exoc3","paleturquoise",0.64440789731192,0.412665984252761,0.616621865077264
"158","ENSMUSG00000019261","Map1s","paleturquoise",0.644202774230945,0.474847613732481,0.890693010209931
"159","ENSMUSG00000030600","Lrfn1","paleturquoise",0.644160032939357,0.0614678815649269,0.690852311898855
"160","ENSMUSG00000059409","Ppp2r5d","paleturquoise",0.643963007866,0.415361642142815,0.870064677322439
"161","ENSMUSG00000046679","C87436","paleturquoise",0.64366509615228,0.517725590355963,0.65720950365886
"162","ENSMUSG00000031360","Ctps2","paleturquoise",0.643485067217137,0.762322964486489,0.700952190291012
"163","ENSMUSG00000001472","Tcf25","paleturquoise",0.642058354754317,0.438790739188619,0.928602516902098
"164","ENSMUSG00000038965","Ube2l3","paleturquoise",0.641885156810763,0.458058362950347,0.799634472411988
"165","ENSMUSG00000042099","Kank3","paleturquoise",0.641838430151265,0.740299788212165,0.842064474663014
"166","ENSMUSG00000094737","Gm17045","paleturquoise",0.641376324901192,0.607014888008119,0.805644142955742
"167","ENSMUSG00000025364","Pa2g4","paleturquoise",0.640569038596088,0.540976567162904,0.796286765486827
"168","ENSMUSG00000045665","Mfsd5","paleturquoise",0.639566892114059,0.364546062039669,0.945195888975755
"169","ENSMUSG00000057788","Ddx49","paleturquoise",0.63926640370626,0.559924339389581,0.769887484029541
"170","ENSMUSG00000029086","Prom1","paleturquoise",0.638309783146947,0.750381126348593,0.546545428916178
"171","ENSMUSG00000042178","Armc5","paleturquoise",0.638225964658974,0.42386680070641,0.851229062412029
"172","ENSMUSG00000045917","Tmem268","paleturquoise",0.637878865639894,0.690508510287438,0.764546092206411
"173","ENSMUSG00000041199","Rpusd1","paleturquoise",0.637736034788693,0.607588737129638,0.755175857229115
"174","ENSMUSG00000027931","Npr1","paleturquoise",0.637633253558313,0.504520412465296,0.785206775877315
"175","ENSMUSG00000089670","Gm16581","paleturquoise",0.637007452304028,0.65381210893511,0.621965376522026
"176","ENSMUSG00000023034","Nr4a1","paleturquoise",0.636021709290782,0.587792164325964,0.676740834461057
"177","ENSMUSG00000005103","Wdr1","paleturquoise",0.63504809509901,0.459512190060885,0.563131867821787
"178","ENSMUSG00000024371","C2","paleturquoise",0.634984895188316,0.6294597186782,0.611360826557817
"179","ENSMUSG00000003541","Ier3","paleturquoise",0.634942027721322,0.696913442236038,0.748867024119077
"180","ENSMUSG00000003581","Rnf215","paleturquoise",0.634841116487987,0.588931622297172,0.741610424042761
"181","ENSMUSG00000051397","Tacstd2","paleturquoise",0.634442055453969,0.414984952430622,0.78999214483628
"182","ENSMUSG00000010936","Vac14","paleturquoise",0.63405639380387,0.493279475759776,0.736841838321129
"183","ENSMUSG00000041782","Lad1","paleturquoise",0.634020302231879,0.497168947412278,0.93750697439707
"184","ENSMUSG00000033021","Gmppa","paleturquoise",0.63398921422816,0.480619813915923,0.952997730875552
"185","ENSMUSG00000013833","Med16","paleturquoise",0.633768446921617,0.481197063914669,0.810965378182811
"186","ENSMUSG00000113936","Gm8784","paleturquoise",0.633557702596932,0.504841154105024,0.306727687184415
"187","ENSMUSG00000024566","Atp9b","paleturquoise",0.633331811622024,0.480507208794003,0.791155455474924
"188","ENSMUSG00000001844","Zdhhc4","paleturquoise",0.632948940487989,0.461102753373945,0.821770567456645
"189","ENSMUSG00000025027","Xpnpep1","paleturquoise",0.632499991973291,0.480906121498331,0.619447877156229
"190","ENSMUSG00000038884","Shfl","paleturquoise",0.631973269871955,0.62820951061754,0.768855559563832
"191","ENSMUSG00000071646","Mta2","paleturquoise",0.631846088764881,0.548830162030871,0.697098369456308
"192","ENSMUSG00000034908","Sidt2","paleturquoise",0.631694781571271,0.428370121607067,0.676405876085386
"193","ENSMUSG00000045302","Preb","paleturquoise",0.631554598572458,0.406153481316386,0.910918583957847
"194","ENSMUSG00000034432","Cops8","paleturquoise",0.631324137149811,0.609260754426481,0.694436345845678
"195","ENSMUSG00000029029","Wrap73","paleturquoise",0.630883276053478,0.449848417890804,0.681817203037457
"196","ENSMUSG00000003435","Supt5","paleturquoise",0.630774854488187,0.417662893248187,0.697234382698807
"197","ENSMUSG00000040463","Mybbp1a","paleturquoise",0.630765079202467,0.497849973417012,0.266974852874082
"198","ENSMUSG00000037852","Cpe","paleturquoise",0.629834560765291,0.540663329098535,0.364773738729399
"199","ENSMUSG00000033542","Arhgef5","paleturquoise",0.629779530888279,0.327138387689694,0.567926185336567
"200","ENSMUSG00000061048","Cdh3","paleturquoise",0.629255528813229,0.398431884215049,0.607287320866022
"201","ENSMUSG00000055653","Gpc3","paleturquoise",0.62887376883954,0.568475939633742,0.542497470984426
"202","ENSMUSG00000024909","Efemp2","paleturquoise",0.628817248004284,0.330560034882324,0.928670456201051
"203","ENSMUSG00000032806","Slc10a3","paleturquoise",0.628678073369684,0.171315467446183,0.327230519594903
"204","ENSMUSG00000024395","Lims2","paleturquoise",0.628122052884868,0.568640782740974,0.850261805993716
"205","ENSMUSG00000027995","Tlr2","paleturquoise",0.628055861903308,0.512792620199893,0.660036151338647
"206","ENSMUSG00000031402","Mpp1","paleturquoise",0.627494797428011,0.708407334822589,0.467560741591587
"207","ENSMUSG00000021650","Ptcd2","paleturquoise",0.627258413780004,0.542236495374651,0.899177132778349
"208","ENSMUSG00000002205","Vrk3","paleturquoise",0.625656216238676,0.551780068518127,0.85854592219695
"209","ENSMUSG00000046993","Gm5637","paleturquoise",0.62555019056572,0.637083698958088,0.723298246405118
"210","ENSMUSG00000005481","Ddx39a","paleturquoise",0.625549904935555,0.602903585975068,0.790875012678351
"211","ENSMUSG00000039323","Igfbp2","paleturquoise",0.625510705919968,0.616699431213972,0.809387974749876
"212","ENSMUSG00000035640","Cbarp","paleturquoise",0.625484018460314,0.278731400948759,0.578430575864238
"213","ENSMUSG00000033554","Dph5","paleturquoise",0.624663950771236,0.557539204774337,0.795252532454781
"214","ENSMUSG00000023118","Sympk","paleturquoise",0.624628936160696,0.465376478432036,0.896410953474562
"215","ENSMUSG00000021281","Tnfaip2","paleturquoise",0.624362044106416,0.515098416191406,0.534438302155929
"216","ENSMUSG00000020238","Ncln","paleturquoise",0.62426036983213,0.396967921885069,0.924683448305602
"217","ENSMUSG00000097328","Tnfsf12","paleturquoise",0.624245677368174,0.77891350382884,0.692829151745138
"218","ENSMUSG00000022438","Parvb","paleturquoise",0.62357838813073,0.469219009337831,0.559370027303116
"219","ENSMUSG00000014959","Gorasp2","paleturquoise",0.62333204340385,0.436520146879492,0.444278952989171
"220","ENSMUSG00000030714","Sgf29","paleturquoise",0.622980934448048,0.540250191608928,0.913877486334429
"221","ENSMUSG00000015165","Hnrnpl","paleturquoise",0.62240569132549,0.480104492925078,0.44373215763998
"222","ENSMUSG00000016541","Atxn10","paleturquoise",0.622213922789471,0.679759565887955,0.840422143731451
"223","ENSMUSG00000031708","Tecr","paleturquoise",0.621863803890278,0.438064509782605,0.895477098004019
"224","ENSMUSG00000042286","Stab1","paleturquoise",0.621507464311559,0.33482007162787,0.620154511213336
"225","ENSMUSG00000006024","Napa","paleturquoise",0.620541561055446,0.448180313834049,0.9732867697995
"226","ENSMUSG00000038279","Nop2","paleturquoise",0.620116602291376,0.540165776145373,0.807819971781395
"227","ENSMUSG00000006731","B4galnt1","paleturquoise",0.619974663785993,0.274963150606527,0.636583303187807
"228","ENSMUSG00000046761","Fam83h","paleturquoise",0.619102456294647,0.353841332000598,0.563267854536967
"229","ENSMUSG00000053730","Tmem39b","paleturquoise",0.619045011217738,0.172800525100289,0.755999166074352
"230","ENSMUSG00000054342","Kcnn4","paleturquoise",0.618823223486201,0.402016764427128,0.850386612481625
"231","ENSMUSG00000030718","Ppme1","paleturquoise",0.61791178194346,0.522498496164062,0.625544685904886
"232","ENSMUSG00000022550","Adck5","paleturquoise",0.617743442930861,0.381261949984011,0.860425505422103
"233","ENSMUSG00000041346","Wrap53","paleturquoise",0.617394332595746,0.378070645448477,0.745193242281037
"234","ENSMUSG00000034765","Dusp5","paleturquoise",0.617393661743903,0.482060138088279,0.623811361198047
"235","ENSMUSG00000036752","Tubb4b","paleturquoise",0.617037985932204,0.30121439734153,0.703784982790419
"236","ENSMUSG00000052563","D930048N14Rik","paleturquoise",0.61649462847341,0.308973227532888,0.819093246811187
"237","ENSMUSG00000021975","Ints9","paleturquoise",0.61639393506517,0.443808318287292,0.679244538937259
"238","ENSMUSG00000026816","Gtf3c5","paleturquoise",0.616262655384613,0.360908541795535,0.687265403085207
"239","ENSMUSG00000020537","Drg2","paleturquoise",0.615865411306493,0.514352398827491,0.88439081928934
"240","ENSMUSG00000024855","Pacs1","paleturquoise",0.615625710163602,0.624345149646235,0.65331036369232
"241","ENSMUSG00000010064","Slc38a3","paleturquoise",0.615394517338928,0.606248172818995,0.691278303729803
"242","ENSMUSG00000041119","Pde9a","paleturquoise",0.615359109034214,0.175874210562388,0.782874871276825
"243","ENSMUSG00000027405","Nop56","paleturquoise",0.614836420602813,0.542390956964382,0.766401725395828
"244","ENSMUSG00000027395","Polr1b","paleturquoise",0.613855764036794,0.4669814636373,0.602153967284538
"245","ENSMUSG00000032583","Mon1a","paleturquoise",0.613833279377359,0.321417640840017,0.886693149308125
"246","ENSMUSG00000027411","Vps16","paleturquoise",0.613428797524026,0.353510905694354,0.88110254360197
"247","ENSMUSG00000023170","Gps2","paleturquoise",0.613426253356723,0.587183374635438,0.926536558723529
"248","ENSMUSG00000036151","Tm6sf2","paleturquoise",0.613011733108346,0.527027616401325,0.736466931882188
"249","ENSMUSG00000018459","Slc13a3","paleturquoise",0.612794102851277,0.455431458451179,0.749532771388744
"250","ENSMUSG00000022558","Mroh1","paleturquoise",0.612622487967539,0.327727789459696,0.789443823261089
"251","ENSMUSG00000037949","Ano10","paleturquoise",0.612566515722115,0.544152383822988,0.786318747614389
"252","ENSMUSG00000048668","Rhno1","paleturquoise",0.612527246650356,0.596334486617864,0.505184602432214
"253","ENSMUSG00000028869","Gnl2","paleturquoise",0.612045727749016,0.802131393961334,0.649820642605002
"254","ENSMUSG00000079334","Naa80","paleturquoise",0.611591404604609,0.339373408715749,0.883146292787814
"255","ENSMUSG00000025384","Faap100","paleturquoise",0.610788819806533,0.346582511036413,0.906508241070868
"256","ENSMUSG00000034708","Grn","paleturquoise",0.610755525848165,0.525719100713544,0.855588673311899
"257","ENSMUSG00000001525","Tubb5","paleturquoise",0.61061229482013,0.253192309556455,0.823474557125164
"258","ENSMUSG00000004846","Plod3","paleturquoise",0.610380259715703,0.263377009322135,0.665548211216699
"259","ENSMUSG00000031861","Lpar2","paleturquoise",0.610273948895577,0.199723180135166,0.59102024579855
"260","ENSMUSG00000017754","Pltp","paleturquoise",0.610018801808656,0.584548777712228,0.470144051501919
"261","ENSMUSG00000024773","Atg2a","paleturquoise",0.608838181456059,0.178234915127577,0.618782206126221
"262","ENSMUSG00000040188","Scamp2","paleturquoise",0.608746147586595,0.435001580219253,0.571213657680798
"263","ENSMUSG00000004951","Hspb1","paleturquoise",0.60837609451992,0.42439826656045,0.798157093001353
"264","ENSMUSG00000021081","Serpina1f","paleturquoise",0.607803914105119,0.70116111052584,0.798942113350817
"265","ENSMUSG00000024220","Zfp523","paleturquoise",0.607651861727571,0.180651189458864,0.73065615744469
"266","ENSMUSG00000025132","Arhgdia","paleturquoise",0.607627887709698,0.381241972372506,0.957075107762459
"267","ENSMUSG00000029513","Prkab1","paleturquoise",0.607463251781027,0.776977298723822,0.69349841134043
"268","ENSMUSG00000030738","Eif3c","paleturquoise",0.607171501972125,0.466348683729299,0.67750629061289
"269","ENSMUSG00000011008","Mcoln2","paleturquoise",0.606679427231269,0.54560457075971,0.669866516229168
"270","ENSMUSG00000028693","Nasp","paleturquoise",0.606331836067946,0.666292546384313,0.758381113087125
"271","ENSMUSG00000042766","Trim46","paleturquoise",0.606191217186961,0.856412883442869,0.636961600930491
"272","ENSMUSG00000028755","Cda","paleturquoise",0.606125918538666,0.550503139995026,0.898551995232878
"273","ENSMUSG00000062906","Hdac10","paleturquoise",0.60608704809499,0.6274678237892,0.833303354176567
"274","ENSMUSG00000040701","Ap1g2","paleturquoise",0.606040516883212,0.259595918718682,0.683661280648315
"275","ENSMUSG00000034845","Plvap","paleturquoise",0.605850674436884,0.572111919656802,0.936113074569492
"276","ENSMUSG00000014867","Surf4","paleturquoise",0.605444436180408,0.507351798227251,0.809182373981501
"277","ENSMUSG00000019470","Xab2","paleturquoise",0.605295149634467,0.303190018643804,0.874076623934305
"278","ENSMUSG00000068922","Msto1","paleturquoise",0.605189009004499,0.489475139874301,0.895918794872625
"279","ENSMUSG00000015095","Fbxw5","paleturquoise",0.604954575936002,0.268160713689283,0.880301175152988
"280","ENSMUSG00000003363","Pld3","paleturquoise",0.604595295099512,0.358811686813493,0.742490178201282
"281","ENSMUSG00000029605","Oas1b","paleturquoise",0.603975956804523,0.404454696631585,0.562400664069722
"282","ENSMUSG00000014859","E2f4","paleturquoise",0.602575117672558,0.590158194101413,0.724387274614236
"283","ENSMUSG00000024571","Txnl4a","paleturquoise",0.602483637838612,0.498512498337623,0.936171868414569
"284","ENSMUSG00000087341","0610040F04Rik","paleturquoise",0.602449410811018,0.636777009032363,0.626497360165516
"285","ENSMUSG00000017493","Igfbp4","paleturquoise",0.60199305773114,0.615688614905397,0.859582836069995
"286","ENSMUSG00000022469","Rapgef3","paleturquoise",0.601884282042477,0.466325289688971,0.858663953760348
"287","ENSMUSG00000049680","Urgcp","paleturquoise",0.601690007615144,0.500153324387139,0.90398213436798
"288","ENSMUSG00000028841","Cnksr1","paleturquoise",0.6014528885987,0.376798322202365,0.805464034757108
"289","ENSMUSG00000034684","Sema3f","paleturquoise",0.601133588254136,0.510302917397772,0.756436153982293
"290","ENSMUSG00000029629","Phf14","paleturquoise",0.600999898377295,0.443997393107701,0.645808457147196
"291","ENSMUSG00000022554","Hgh1","paleturquoise",0.600642534184009,0.290882192371129,0.912683118201211
"292","ENSMUSG00000059552","Trp53","paleturquoise",0.600578142415756,0.485352226959229,0.188345964273479
"293","ENSMUSG00000049728","Zfp668","paleturquoise",0.6001566541699,0.489664672975114,0.723180517598825
